Datetime,Water Level (m)
2025-09-25 06:00:00,1.1430627
2025-09-25 07:00:00,1.1060797
2025-09-25 08:00:00,0.8866413
2025-09-25 09:00:00,0.5282684
2025-09-25 10:00:00,0.22531535
2025-09-25 11:00:00,-0.009998379
2025-09-25 12:00:00,-0.20199102
2025-09-25 13:00:00,-0.3400868
2025-09-25 14:00:00,-0.30993357
2025-09-25 15:00:00,0.21928886
2025-09-25 16:00:00,0.67816967
2025-09-25 17:00:00,1.0403383
2025-09-25 18:00:00,1.2788093
2025-09-25 19:00:00,1.3402895
2025-09-25 20:00:00,1.1957088
2025-09-25 21:00:00,0.874882
2025-09-25 22:00:00,0.59136194
2025-09-25 23:00:00,0.36307046
2025-09-26 00:00:00,0.16668
2025-09-26 01:00:00,0.021177169
2025-09-26 02:00:00,-0.0039426237
2025-09-26 03:00:00,0.2260677
2025-09-26 04:00:00,0.66005385
2025-09-26 05:00:00,0.9850603
2025-09-26 06:00:00,1.1927595
2025-09-26 07:00:00,1.2715414
2025-09-26 08:00:00,1.154693
2025-09-26 09:00:00,0.8649378
2025-09-26 10:00:00,0.5795209
2025-09-26 11:00:00,0.3480549
2025-09-26 12:00:00,0.1555795
2025-09-26 13:00:00,0.021213636
2025-09-26 14:00:00,0.02632117
2025-09-26 15:00:00,0.32471934
2025-09-26 16:00:00,0.7465574
2025-09-26 17:00:00,1.0568532
2025-09-26 18:00:00,1.2724404
2025-09-26 19:00:00,1.3900981
2025-09-26 20:00:00,1.3446631
2025-09-26 21:00:00,1.1180892
2025-09-26 22:00:00,0.8080926
2025-09-26 23:00:00,0.55389047
2025-09-27 00:00:00,0.34109804
2025-09-27 01:00:00,0.16605538
2025-09-27 02:00:00,0.073549844
2025-09-27 03:00:00,0.14181814
2025-09-27 04:00:00,0.45999947
2025-09-27 05:00:00,0.7544197
2025-09-27 06:00:00,0.9382856
2025-09-27 07:00:00,1.0149993
2025-09-27 08:00:00,0.9634519
2025-09-27 09:00:00,0.7316423
2025-09-27 10:00:00,0.42494065
2025-09-27 11:00:00,0.1806974
2025-09-27 12:00:00,0.0036916428
2025-09-27 13:00:00,-0.13434091
2025-09-27 14:00:00,-0.20302077
2025-09-27 15:00:00,-0.09777917
2025-09-27 16:00:00,0.27273715
2025-09-27 17:00:00,0.5846005
2025-09-27 18:00:00,0.8147114
2025-09-27 19:00:00,0.9797425
2025-09-27 20:00:00,1.0319542
2025-09-27 21:00:00,0.9298143
2025-09-27 22:00:00,0.6795594
2025-09-27 23:00:00,0.42564455
2025-09-28 00:00:00,0.24419634
2025-09-28 01:00:00,0.10466202
2025-09-28 02:00:00,0.009457111
2025-09-28 03:00:00,0.029176675
2025-09-28 04:00:00,0.21295182
2025-09-28 05:00:00,0.47464773
2025-09-28 06:00:00,0.6404209
2025-09-28 07:00:00,0.7406527
2025-09-28 08:00:00,0.76535434
2025-09-28 09:00:00,0.67407835
2025-09-28 10:00:00,0.45477423
2025-09-28 11:00:00,0.21557559
2025-09-28 12:00:00,0.03963286
2025-09-28 13:00:00,-0.08056194
2025-09-28 14:00:00,-0.15705095
2025-09-28 15:00:00,-0.13664967
2025-09-28 16:00:00,0.086629145
2025-09-28 17:00:00,0.39447457
2025-09-28 18:00:00,0.5984505
2025-09-28 19:00:00,0.7435394
2025-09-28 20:00:00,0.8404742
2025-09-28 21:00:00,0.8479686
2025-09-28 22:00:00,0.72764605
2025-09-28 23:00:00,0.52835083
2025-09-29 00:00:00,0.35208204
2025-09-29 01:00:00,0.22924006
2025-09-29 02:00:00,0.14526638
2025-09-29 03:00:00,0.10986896
2025-09-29 04:00:00,0.16954711
2025-09-29 05:00:00,0.31873184
2025-09-29 06:00:00,0.45794025
2025-09-29 07:00:00,0.54230136
2025-09-29 08:00:00,0.5810673
2025-09-29 09:00:00,0.55851287
2025-09-29 10:00:00,0.46704543
2025-09-29 11:00:00,0.30385903
2025-09-29 12:00:00,0.1490501
2025-09-29 13:00:00,0.03653794
2025-09-29 14:00:00,-0.039508887
2025-09-29 15:00:00,-0.06720366
2025-09-29 16:00:00,0.0037849906
2025-09-29 17:00:00,0.19986425
2025-09-29 18:00:00,0.41315395
2025-09-29 19:00:00,0.54414463
2025-09-29 20:00:00,0.6395316
2025-09-29 21:00:00,0.70704156
2025-09-29 22:00:00,0.70273995
2025-09-29 23:00:00,0.6133079
2025-09-30 00:00:00,0.48216543
2025-09-30 01:00:00,0.36406526
2025-09-30 02:00:00,0.29423845
2025-09-30 03:00:00,0.23650809
2025-09-30 04:00:00,0.20044398
2025-09-30 05:00:00,0.21411777
2025-09-30 06:00:00,0.26583412
2025-09-30 07:00:00,0.33380815
2025-09-30 08:00:00,0.39881176
2025-09-30 09:00:00,0.44615036
2025-09-30 10:00:00,0.45981258
2025-09-30 11:00:00,0.41679817
2025-09-30 12:00:00,0.33466637
2025-09-30 13:00:00,0.23032156
2025-09-30 14:00:00,0.1426958
2025-09-30 15:00:00,0.08801162
2025-09-30 16:00:00,0.05515605
2025-09-30 17:00:00,0.096433766
2025-09-30 18:00:00,0.24059112
2025-09-30 19:00:00,0.4012875
2025-09-30 20:00:00,0.5136098
2025-09-30 21:00:00,0.60897386
2025-09-30 22:00:00,0.6781131
2025-09-30 23:00:00,0.7081313
2025-10-01 00:00:00,0.6944131
2025-10-01 01:00:00,0.63213825
2025-10-01 02:00:00,0.5452385
2025-10-01 03:00:00,0.4460795
2025-10-01 04:00:00,0.34880272
2025-10-01 05:00:00,0.27302065
2025-10-01 06:00:00,0.22539237
